CodigoTratamiento;IdTratamiento;IdGrupo;PrecioPrivado
"1-006";"8-1-006";66;0
"1-008";"11-1-008";66;0
"1-009";"13-1-009";66;0
"1-010";"16-1-010";66;0
"1-011";"17-1-011";66;0
"1-012";"19-1-012";66;0
"1-014";"24-1-014";66;0
"1-015";"25-1-015";66;0
"1-016";"27-1-016";66;0
"1-017";"29-1-017";66;0
"1-018";"31-1-018";66;0
"1-019";"33-1-019";66;0
"1-020";"35-1-020";66;0
"1-021";"38-1-021";66;0
"1-022";"39-1-022";66;0
"1-025";"45-1-025";66;0
"1-026";"47-1-026";66;0
"1-028";"51-1-028";66;0
"1-029";"53-1-029";66;0
"1-030";"55-1-030";66;0
"1-050";"59-1-050";66;0
"1-060";"62-1-060";66;0
"1-061";"63-1-061";66;0
"1-062";"66-1-062";66;0
"1-063";"68-1-063";66;0
"1-064";"69-1-064";66;0
"10000";"71-10000";66;0
"10001";"73-10001";66;0
"10002";"75-10002";66;0
"10003";"77-10003";66;0
"10004";"79-10004";66;0
"10005";"81-10005";66;0
"10006";"83-10006";66;0
"10010";"87-10010";66;0
"10HD6";"89-10HD6";66;0
"10R03";"91-10R03";66;0
"10R06";"93-10R06";66;0
"10R12";"95-10R12";66;0
"10RHD";"97-10RHD";66;0
"10ROR";"99-10ROR";66;0
"1B05";"130-1B05";66;0
"1B07";"134-1B07";66;0
"1B08";"136-1B08";66;0
"1B09";"138-1B09";66;0
"1B10";"140-1B10";66;0
"1C07";"156-1C07";66;0
"1M02";"165-1M02";66;0
"1M04";"169-1M04";66;0
"1X02";"173-1X02";66;0
"2A07";"191-2A07";66;0
"2A08";"193-2A08";66;0
"2A11";"199-2A11";66;0
"2C09";"226-2C09";66;0
"2E04";"244-2E04";66;0
"2E05";"245-2E05";66;0
"2E06";"248-2E06";66;0
"2E08";"252-2E08";66;0
"2E10";"256-2E10";66;0
"2E13";"261-2E13";66;0
"2F01";"265-2F01";66;0
"2F02";"267-2F02";66;0
"2P00";"275-2P00";66;0
"2P01";"276-2P01";66;0
"2P02";"279-2P02";66;0
"2P13";"301-2P13";66;0
"2P14";"303-2P14";66;0
"2P15";"305-2P15";66;0
"2P17";"309-2P17";66;0
"2P18";"311-2P18";66;0
"2R00";"316-2R00";66;0
"2R01";"318-2R01";66;0
"2R015";"320-2R015";66;0
"2R02";"322-2R02";66;0
"2R05";"328-2R05";66;0
"2R06";"330-2R06";66;0
"2R09";"336-2R09";66;0
"2R11";"340-2R11";66;0
"2R12";"342-2R12";66;0
"2R15";"348-2R15";66;0
"2X07";"364-2X07";66;0
"2X08";"366-2X08";66;0
"2X09";"368-2X09";66;0
"2X20";"390-2X20";66;0
"2X22";"395-2X22";66;0
"3A07";"411-3A07";66;0
"3G10";"439-3G10";66;0
"3G13";"446-3G13";66;0
"3G14";"449-3G14";66;0
"3IMP5";"469-3IMP5";66;0
"3IMP7";"473-3IMP7";66;0
"4A01";"478-4A01";66;0
"4A02";"480-4A02";66;0
"4A03";"482-4A03";66;0
"4A04";"484-4A04";66;0
"4A05";"486-4A05";66;0
"4A06";"489-4A06";66;0
"4A08";"492-4A08";66;0
"4B01";"494-4B01";66;0
"4I00";"498-4I00";66;0
"4I01";"500-4I01";66;0
"4I03";"504-4I03";66;0
"4R02";"513-4R02";66;0
"4R04";"517-4R04";66;0
"4R05";"520-4R05";66;0
"4R06";"521-4R06";66;0
"4R08";"525-4R08";66;0
"4R08";"526-4R08";66;0
"4R09";"528-4R09";66;0
"4R10";"529-4R10";66;0
"4R10";"530-4R10";66;0
"4T00";"532-4T00";66;0
"4T01";"534-4T01";66;0
"4T02";"535-4T02";66;0
"4T02";"536-4T02";66;0
"4T03";"537-4T03";66;0
"4T04";"539-4T04";66;0
"4T06";"543-4T06";66;0
"4T06";"544-4T06";66;0
"4T07";"545-4T07";66;0
"4T08";"547-4T08";66;0
"4T08";"548-4T08";66;0
"4T10";"551-4T10";66;0
"4T12";"555-4T12";66;0
"4T13";"557-4T13";66;0
"4T14";"559-4T14";66;0
"4T14";"560-4T14";66;0
"4T15";"561-4T15";66;0
"4T15";"562-4T15";66;0
"4T17";"565-4T17";66;0
"4T18";"567-4T18";66;0
"4T21";"571-4T21";66;0
"5";"575-5";66;0
"5";"576-5";66;0
"5H01";"579-5H01";66;0
"5H03";"583-5H03";66;0
"5H05";"587-5H05";66;0
"5H09";"595-5H09";66;0
"5H11";"599-5H11";66;0
"5H14";"604-5H14";66;0
"5H15";"606-5H15";66;0
"5H18";"612-5H18";66;0
"5H20";"616-5H20";66;0
"5P01";"626-5P01";66;0
"5P02";"629-5P02";66;0
"5P08";"640-5P08";66;0
"5P11";"646-5P11";66;0
"5P12";"649-5P12";66;0
"6A04";"659-6A04";66;0
"6A06";"663-6A06";66;0
"6A08";"666-6A08";66;0
"6A09";"668-6A09";66;0
"6AFC";"671-6AFC";66;0
"6AFZ";"673-6AFZ";66;0
"6C03";"694-6C03";66;0
"6E00";"698-6E00";66;0
"6E01";"699-6E01";66;0
"6E02";"701-6E02";66;0
"6E03";"704-6E03";66;0
"6E04";"706-6E04";66;0
"6F00";"708-6F00";66;0
"6FCR";"710-6FCR";66;0
"6G00";"714-6G00";66;0
"6G01";"716-6G01";66;0
"6G02";"718-6G02";66;0
"6G03";"720-6G03";66;0
"6G04";"722-6G04";66;0
"6G05";"724-6G05";66;0
"6G06";"726-6G06";66;0
"6G08";"729-6G08";66;0
"6G08";"730-6G08";66;0
"6G09";"731-6G09";66;0
"6G10";"733-6G10";66;0
"6L00";"736-6L00";66;0
"6L01";"738-6L01";66;0
"6L02";"739-6L02";66;0
"6L03";"741-6L03";66;0
"6P00";"746-6P00";66;0
"6R00";"747-6R00";66;0
"6R01";"749-6R01";66;0
"6T01";"762-6T01";66;0
"7A00";"770-7A00";66;0
"7A02";"775-7A02";66;0
"7A04";"779-7A04";66;0
"7B00";"781-7B00";66;0
"7B01";"783-7B01";66;0
"7B02";"785-7B02";66;0
"7B03";"787-7B03";66;0
"7B04";"788-7B04";66;0
"7B05";"791-7B05";66;0
"7C01";"799-7C01";66;0
"7D00";"803-7D00";66;0
"7D02";"808-7D02";66;0
"7D03";"809-7D03";66;0
"7D03";"810-7D03";66;0
"7E01";"814-7E01";66;0
"7E02";"815-7E02";66;0
"7E03";"818-7E03";66;0
"8A00";"820-8A00";66;0
"8A02";"824-8A02";66;0
"8A04";"828-8A04";66;0
"8A05";"830-8A05";66;0
"8A07";"834-8A07";66;0
"8A10";"838-8A10";66;0
"8A12";"842-8A12";66;0
"8B02";"848-8B02";66;0
"8C01";"850-8C01";66;0
"8C02";"852-8C02";66;0
"8C03";"854-8C03";66;0
"8C04";"856-8C04";66;0
"8C05";"858-8C05";66;0
"8FCAT";"860-8FCAT";66;0
"8FZAT";"862-8FZAT";66;0
"8P02";"868-8P02";66;0
"8P04";"871-8P04";66;0
"8P06";"875-8P06";66;0
"8R01";"884-8R01";66;0
"8R02";"886-8R02";66;0
"8R03";"888-8R03";66;0
"8T00";"893-8T00";66;0
"8V02";"900-8V02";66;0
"8V03";"901-8V03";66;0
"8V05";"906-8V05";66;0
"9A01";"910-9A01";66;0
"9A02";"911-9A02";66;0
"9A03";"914-9A03";66;0
"9A05";"918-9A05";66;0
"9A07";"922-9A07";66;0
"9A09";"926-9A09";66;0
"9A11";"929-9A11";66;0
"9A12";"931-9A12";66;0
"9A13";"933-9A13";66;0
"9C09";"954-9C09";66;0
"9M00";"968-9M00";66;0
"9M02";"972-9M02";66;0
"9M09";"986-9M09";66;0
"9M10";"987-9M10";66;0
"9M10";"988-9M10";66;0
"9N00";"989-9N00";66;0
"9N01";"991-9N01";66;0
"9N02";"993-9N02";66;0
"9N03";"995-9N03";66;0
"9N04";"997-9N04";66;0
"9N06";"1001-9N06";66;0
"9N07";"1004-9N07";66;0
"9N08";"1006-9N08";66;0
"9N10";"1008-9N10";66;0
"9N11";"1010-9N11";66;0
"9N12";"1012-9N12";66;0
"9N13";"1014-9N13";66;0
"9R00";"1036-9R00";66;0
"9R01";"1038-9R01";66;0
"9R03";"1042-9R03";66;0
"9R04";"1044-9R04";66;0
"9R05";"1046-9R05";66;0
"9R07";"1050-9R07";66;0
"9R09";"1054-9R09";66;0
"9R11";"1058-9R11";66;0
"9R12";"1060-9R12";66;0
"9R13";"1062-9R13";66;0
"9R16";"1068-9R16";66;0
"9R17";"1070-9R17";66;0
"9R18";"1073-9R18";66;0
"9R19";"1075-9R19";66;0
"9R20";"1077-9R20";66;0
"9R21";"1079-9R21";66;0
"9R23";"1083-9R23";66;0
"9R26";"1087-9R26";66;0
"9R27";"1089-9R27";66;0
"9R90";"1091-9R90";66;0
"9R90";"1092-9R90";66;0
"9R91";"1093-9R91";66;0
"9R91";"1094-9R91";66;0
"9S00";"1096-9S00";66;0
"9S02";"1100-9S02";66;0
"9S03";"1102-9S03";66;0
"9S04";"1104-9S04";66;0
"9S05";"1105-9S05";66;0
"9S06";"1108-9S06";66;0
"9S07";"1111-9S07";66;0
"9S07";"1112-9S07";66;0
"9S08";"1113-9S08";66;0
"9S08";"1114-9S08";66;0
"9S09";"1115-9S09";66;0
"9S10";"1117-9S10";66;0
"9S10";"1118-9S10";66;0
"9V01";"1122-9V01";66;0
"9V02";"1123-9V02";66;0
"9V02";"1124-9V02";66;0
"9V03";"1126-9V03";66;0
"A";"1129-A";66;0
"AA";"1131-AA";66;0
"AA";"1132-AA";66;0
"ACO";"1133-ACO";66;0
"ACO";"1134-ACO";66;0
"AGEN";"1135-AGEN";66;0
"AÑD";"1137-AÑD";66;0
"AÑD";"1138-AÑD";66;0
"AP";"1139-AP";66;0
"AP";"1140-AP";66;0
"AP?";"1141-AP?";66;0
"AP?";"1142-AP?";66;0
"APC";"1143-APC";66;0
"APF";"1145-APF";66;0
"APF";"1146-APF";66;0
"APL";"1147-APL";66;0
"APR";"1149-APR";66;0
"APR";"1150-APR";66;0
"ARCM";"1152-ARCM";66;0
"ARCM";"1153-ARCM";66;0
"ARCO";"1154-ARCO";66;0
"ARCO";"1155-ARCO";66;0
"AUS";"1156-AUS";66;0
"AUS";"1157-AUS";66;0
"AYUD";"1158-AYUD";66;0
"AYUD";"1159-AYUD";66;0
"BIM";"1160-BIM";66;0
"BIO";"1162-BIO";66;0
"BIO";"1163-BIO";66;0
"BLC";"1164-BLC";66;0
"BLC";"1165-BLC";66;0
"BLQ";"1166-BLQ";66;0
"BLQ";"1167-BLQ";66;0
"BMT";"1168-BMT";66;0
"BMT";"1169-BMT";66;0
"BOLP";"1170-BOLP";66;0
"BOLP";"1171-BOLP";66;0
"BOTON";"1172-BOTON";66;0
"BOTON";"1173-BOTON";66;0
"C.F";"1175-C.F";66;0
"C.F";"1176-C.F";66;0
"CANI";"1177-CANI";66;0
"CARIN";"1180-CARIN";66;0
"CARIN";"1181-CARIN";66;0
"CCOD";"1182-CCOD";66;0
"CCOG";"1184-CCOG";66;0
"CCOG";"1185-CCOG";66;0
"CCP";"1186-CCP";66;0
"CCTI";"1188-CCTI";66;0
"CCTI";"1189-CCTI";66;0
"CEF";"1190-CEF";66;0
"CEF";"1191-CEF";66;0
"CEM";"1192-CEM";66;0
"CEM1";"1194-CEM1";66;0
"CEM1";"1195-CEM1";66;0
"CEM2";"1196-CEM2";66;0
"CEM2";"1197-CEM2";66;0
"CEM3";"1198-CEM3";66;0
"CKRI";"1202-CKRI";66;0
"CKRI";"1203-CKRI";66;0
"CMOD";"1205-CMOD";66;0
"CMOD";"1206-CMOD";66;0
"CMOG";"1207-CMOG";66;0
"CMOG";"1208-CMOG";66;0
"CMP";"1209-CMP";66;0
"CNI1";"1211-CNI1";66;0
"CNI1";"1212-CNI1";66;0
"CNI2";"1213-CNI2";66;0
"COL";"1216-COL";66;0
"COL";"1217-COL";66;0
"COMIY";"1218-COMIY";66;0
"COMPR";"1220-COMPR";66;0
"COMPR";"1221-COMPR";66;0
"CON";"1223-CON";66;0
"CON";"1224-CON";66;0
"COP";"1225-COP";66;0
"COP";"1226-COP";66;0
"CPD";"1227-CPD";66;0
"CPDS";"1229-CPDS";66;0
"CPDS";"1230-CPDS";66;0
"CPRF";"1231-CPRF";66;0
"CPRF";"1232-CPRF";66;0
"CPRVC";"1233-CPRVC";66;0
"CPRVC";"1234-CPRVC";66;0
"CPRVL";"1235-CPRVL";66;0
"CPRVL";"1236-CPRVL";66;0
"CPVAR";"1237-CPVAR";66;0
"CPVAR";"1238-CPVAR";66;0
"CRICH";"1239-CRICH";66;0
"CRICH";"1240-CRICH";66;0
"CROME";"1241-CROME";66;0
"CROME";"1242-CROME";66;0
"CTQ";"1243-CTQ";66;0
"CTRC";"1245-CTRC";66;0
"CTRC";"1246-CTRC";66;0
"CTRIM";"1247-CTRIM";66;0
"DAORT";"1250-DAORT";66;0
"DAORT";"1251-DAORT";66;0
"DBR";"1252-DBR";66;0
"DCGP";"1254-DCGP";66;0
"DCGP";"1255-DCGP";66;0
"DEN";"1256-DEN";66;0
"DEN";"1257-DEN";66;0
"DIAS";"1258-DIAS";66;0
"DMTO";"1260-DMTO";66;0
"DMTO";"1261-DMTO";66;0
"DRAC";"1262-DRAC";66;0
"DRAC";"1263-DRAC";66;0
"DTO";"1264-DTO";66;0
"DUP";"1266-DUP";66;0
"DUP";"1267-DUP";66;0
"EDI";"1268-EDI";66;0
"EDS";"1270-EDS";66;0
"EDS";"1271-EDS";66;0
"ENF";"1272-ENF";66;0
"ENT";"1274-ENT";66;0
"ENT";"1275-ENT";66;0
"EPC";"1276-EPC";66;0
"EPS";"1278-EPS";66;0
"EPS";"1279-EPS";66;0
"EQI 1";"1281-EQI 1";66;0
"EQI 2";"1283-EQI 2";66;0
"EQI 2";"1284-EQI 2";66;0
"EQI3";"1285-EQI3";66;0
"EQI3";"1286-EQI3";66;0
"EQI4";"1287-EQI4";66;0
"EQI4";"1288-EQI4";66;0
"EQIG";"1289-EQIG";66;0
"EQR";"1291-EQR";66;0
"EQS1";"1294-EQS1";66;0
"EQS1";"1295-EQS1";66;0
"EQS2";"1296-EQS2";66;0
"EQS2";"1297-EQS2";66;0
"EQS3";"1298-EQS3";66;0
"EQS3";"1299-EQS3";66;0
"EQS4";"1300-EQS4";66;0
"EQS4";"1301-EQS4";66;0
"EQSG";"1302-EQSG";66;0
"EQSG";"1303-EQSG";66;0
"ESQI";"1305-ESQI";66;0
"ESQI";"1306-ESQI";66;0
"ESQPM";"1307-ESQPM";66;0
"ESQS";"1309-ESQS";66;0
"ESQS";"1310-ESQS";66;0
"ESQTI";"1312-ESQTI";66;0
"ESTB";"1314-ESTB";66;0
"ESTB";"1315-ESTB";66;0
"ETI";"1316-ETI";66;0
"ETI";"1317-ETI";66;0
"ETO";"1318-ETO";66;0
"ETO";"1319-ETO";66;0
"EXIMP";"1320-EXIMP";66;0
"EXO";"1323-EXO";66;0
"EXO";"1324-EXO";66;0
"EXOM";"1325-EXOM";66;0
"EXOR";"1327-EXOR";66;0
"EXOR";"1328-EXOR";66;0
"EXP";"1329-EXP";66;0
"EXPC";"1331-EXPC";66;0
"EXPC";"1332-EXPC";66;0
"EXQNI";"1333-EXQNI";66;0
"EXQNI";"1334-EXQNI";66;0
"EXRC";"1335-EXRC";66;0
"EXRC";"1336-EXRC";66;0
"EXRR";"1337-EXRR";66;0
"EXRR";"1338-EXRR";66;0
"EXS";"1339-EXS";66;0
"EXS";"1340-EXS";66;0
"EXT";"1341-EXT";66;0
"EXTO";"1343-EXTO";66;0
"EXTO";"1344-EXTO";66;0
"EXTRU";"1345-EXTRU";66;0
"FAA";"1347-FAA";66;0
"FAA";"1348-FAA";66;0
"FAL";"1349-FAL";66;0
"FAL";"1350-FAL";66;0
"FFA";"1351-FFA";66;0
"FFI";"1353-FFI";66;0
"FFI";"1354-FFI";66;0
"FIS";"1355-FIS";66;0
"FIS";"1356-FIS";66;0
"FLU";"1357-FLU";66;0
"FLU";"1358-FLU";66;0
"FNO";"1359-FNO";66;0
"FNO";"1360-FNO";66;0
"FNR1";"1361-FNR1";66;0
"FNR2";"1363-FNR2";66;0
"FNR2";"1364-FNR2";66;0
"FOTG";"1365-FOTG";66;0
"FOTG";"1366-FOTG";66;0
"FQI";"1368-FQI";66;0
"FQI";"1369-FQI";66;0
"FRAB";"1370-FRAB";66;0
"FRAB";"1371-FRAB";66;0
"FRAC";"1372-FRAC";66;0
"FRAC";"1373-FRAC";66;0
"FRAG";"1374-FRAG";66;0
"FRAZL";"1376-FRAZL";66;0
"FRAZL";"1377-FRAZL";66;0
"FRD01";"1378-FRD01";66;0
"FRD01";"1379-FRD01";66;0
"FRD03";"1381-FRD03";66;0
"FRD03";"1382-FRD03";66;0
"FRD05";"1384-FRD05";66;0
"FRD05";"1385-FRD05";66;0
"FRD06";"1386-FRD06";66;0
"FRD06";"1387-FRD06";66;0
"FRE";"1388-FRE";66;0
"FRG01";"1390-FRG01";66;0
"FRG01";"1391-FRG01";66;0
"FRG03";"1393-FRG03";66;0
"FRG03";"1394-FRG03";66;0
"FRG05";"1395-FRG05";66;0
"FRG05";"1396-FRG05";66;0
"FRG06";"1397-FRG06";66;0
"FRG06";"1398-FRG06";66;0
"FRISO";"1399-FRISO";66;0
"FRISO";"1400-FRISO";66;0
"FRL0";"1402-FRL0";66;0
"FRL1";"1404-FRL1";66;0
"FRL1";"1405-FRL1";66;0
"FRL2";"1406-FRL2";66;0
"FRL3";"1408-FRL3";66;0
"FRL3";"1409-FRL3";66;0
"FROAG";"1410-FROAG";66;0
"FROAG";"1411-FROAG";66;0
"FROCO";"1412-FROCO";66;0
"FROCO";"1413-FROCO";66;0
"FRP";"1414-FRP";66;0
"FRP";"1415-FRP";66;0
"FRP01";"1416-FRP01";66;0
"FRP01";"1417-FRP01";66;0
"FRP03";"1419-FRP03";66;0
"FRP03";"1420-FRP03";66;0
"FRP05";"1422-FRP05";66;0
"FRP05";"1423-FRP05";66;0
"FRP06";"1424-FRP06";66;0
"FURCA";"1426-FURCA";66;0
"FURCA";"1427-FURCA";66;0
"GCHO";"1428-GCHO";66;0
"GCHO";"1429-GCHO";66;0
"GCHOB";"1430-GCHOB";66;0
"GCHOB";"1431-GCHOB";66;0
"GCHOC";"1432-GCHOC";66;0
"GCHOC";"1433-GCHOC";66;0
"GERM";"1434-GERM";66;0
"GERM";"1435-GERM";66;0
"GRA";"1436-GRA";66;0
"GTQ";"1438-GTQ";66;0
"GTQ";"1439-GTQ";66;0
"GUIAP";"1440-GUIAP";66;0
"GVC";"1442-GVC";66;0
"GVC";"1443-GVC";66;0
"GVC2";"1444-GVC2";66;0
"GVC2";"1445-GVC2";66;0
"GVCC";"1446-GVCC";66;0
"GVCFI";"1448-GVCFI";66;0
"GVCFI";"1449-GVCFI";66;0
"GVINC";"1450-GVINC";66;0
"GVINC";"1451-GVINC";66;0
"GVMUÑ";"1452-GVMUÑ";66;0
"GVMUÑ";"1453-GVMUÑ";66;0
"GVS";"1454-GVS";66;0
"GVS";"1455-GVS";66;0
"HD";"1456-HD";66;0
"HDC";"1458-HDC";66;0
"HDC";"1459-HDC";66;0
"HDM";"1460-HDM";66;0
"HDM";"1461-HDM";66;0
"HDN";"1462-HDN";66;0
"HDN";"1463-HDN";66;0
"HIO";"1465-HIO";66;0
"IMCAS";"1468-IMCAS";66;0
"IMCAS";"1469-IMCAS";66;0
"IMP1";"1471-IMP1";66;0
"IMP2";"1473-IMP2";66;0
"IMP2";"1474-IMP2";66;0
"IMP3";"1475-IMP3";66;0
"IMP3";"1476-IMP3";66;0
"IMP4";"1477-IMP4";66;0
"IMP4";"1478-IMP4";66;0
"IMPAC";"1479-IMPAC";66;0
"IMPPA";"1481-IMPPA";66;0
"IMPT";"1483-IMPT";66;0
"IMPT";"1484-IMPT";66;0
"IMREP";"1485-IMREP";66;0
"IMREP";"1486-IMREP";66;0
"INCER";"1487-INCER";66;0
"INCLD";"1489-INCLD";66;0
"INCLD";"1490-INCLD";66;0
"INCLM";"1491-INCLM";66;0
"INCLM";"1492-INCLM";66;0
"ININC";"1494-ININC";66;0
"ININC";"1495-ININC";66;0
"INISO";"1496-INISO";66;0
"INISO";"1497-INISO";66;0
"INJ";"1498-INJ";66;0
"INJ";"1499-INJ";66;0
"INOD";"1500-INOD";66;0
"INOG";"1502-INOG";66;0
"INOG";"1503-INOG";66;0
"INPOD";"1504-INPOD";66;0
"INPOG";"1506-INPOG";66;0
"INPOG";"1507-INPOG";66;0
"INWO";"1511-INWO";66;0
"INWO";"1512-INWO";66;0
"IRM";"1513-IRM";66;0
"IRM";"1514-IRM";66;0
"JKISO";"1515-JKISO";66;0
"JKISO";"1516-JKISO";66;0
"LECH";"1517-LECH";66;0
"LECH";"1518-LECH";66;0
"MAN";"1519-MAN";66;0
"MAN";"1520-MAN";66;0
"MARYL";"1521-MARYL";66;0
"MARYL";"1522-MARYL";66;0
"MG01";"1524-MG01";66;0
"MG02";"1526-MG02";66;0
"MG03";"1528-MG03";66;0
"MG04";"1529-MG04";66;0
"MG04";"1530-MG04";66;0
"MOE";"1532-MOE";66;0
"MTOIM";"1534-MTOIM";66;0
"MTOIM";"1535-MTOIM";66;0
"MUÑC";"1536-MUÑC";66;0
"MUÑC";"1537-MUÑC";66;0
"NOTA";"1538-NOTA";66;0
"NOTA";"1539-NOTA";66;0
"NOVI";"1540-NOVI";66;0
"NOVI2";"1542-NOVI2";66;0
"NUL";"1544-NUL";66;0
"O+T";"1546-O+T";66;0
"O+T";"1547-O+T";66;0
"OCA";"1548-OCA";66;0
"OCA";"1549-OCA";66;0
"OCL";"1550-OCL";66;0
"OCL";"1551-OCL";66;0
"OCP";"1552-OCP";66;0
"OCS";"1554-OCS";66;0
"OCS";"1555-OCS";66;0
"OCT";"1556-OCT";66;0
"ODS";"1558-ODS";66;0
"ODS";"1559-ODS";66;0
"ORT";"1560-ORT";66;0
"PAGO";"1562-PAGO";66;0
"PAP";"1564-PAP";66;0
"PC03";"1567-PC03";66;0
"PC03";"1568-PC03";66;0
"PC04";"1569-PC04";66;0
"PC04";"1570-PC04";66;0
"PC05";"1571-PC05";66;0
"PC05";"1572-PC05";66;0
"PC06";"1573-PC06";66;0
"PC06";"1574-PC06";66;0
"PC07";"1575-PC07";66;0
"PC07";"1576-PC07";66;0
"PCAB";"1577-PCAB";66;0
"PCAB";"1578-PCAB";66;0
"PDS";"1579-PDS";66;0
"PDS";"1580-PDS";66;0
"PDTE";"1581-PDTE";66;0
"PDTE";"1582-PDTE";66;0
"PEGD";"1583-PEGD";66;0
"PEGD";"1584-PEGD";66;0
"PF04";"1585-PF04";66;0
"PF04";"1586-PF04";66;0
"PFICA";"1587-PFICA";66;0
"PFICA";"1588-PFICA";66;0
"PFICC";"1589-PFICC";66;0
"PFICC";"1590-PFICC";66;0
"PFICX";"1591-PFICX";66;0
"PFICX";"1592-PFICX";66;0
"PFIMC";"1593-PFIMC";66;0
"PFIMC";"1594-PFIMC";66;0
"PFITH";"1595-PFITH";66;0
"PFITH";"1596-PFITH";66;0
"PIN";"1597-PIN";66;0
"PIN";"1598-PIN";66;0
"PIR";"1599-PIR";66;0
"PIR";"1600-PIR";66;0
"PIRCO";"1601-PIRCO";66;0
"PIRCO";"1602-PIRCO";66;0
"PM002";"1604-PM002";66;0
"PM002";"1605-PM002";66;0
"PM003";"1606-PM003";66;0
"PM003";"1607-PM003";66;0
"PM004";"1608-PM004";66;0
"PM004";"1609-PM004";66;0
"PM006";"1610-PM006";66;0
"PM006";"1611-PM006";66;0
"PM008";"1612-PM008";66;0
"PM008";"1613-PM008";66;0
"PM010";"1614-PM010";66;0
"PM010";"1615-PM010";66;0
"PM012";"1617-PM012";66;0
"PM014";"1618-PM014";66;0
"PM014";"1619-PM014";66;0
"PM016";"1620-PM016";66;0
"PM016";"1621-PM016";66;0
"PM017";"1622-PM017";66;0
"PM017";"1623-PM017";66;0
"PM018";"1624-PM018";66;0
"PM018";"1625-PM018";66;0
"PM019";"1626-PM019";66;0
"PM019";"1627-PM019";66;0
"PM020";"1628-PM020";66;0
"PM020";"1629-PM020";66;0
"PM021";"1630-PM021";66;0
"PM021";"1631-PM021";66;0
"PM022";"1632-PM022";66;0
"PM022";"1633-PM022";66;0
"PM023";"1634-PM023";66;0
"PM023";"1635-PM023";66;0
"PM024";"1636-PM024";66;0
"PM024";"1637-PM024";66;0
"PM025";"1638-PM025";66;0
"PM025";"1639-PM025";66;0
"PM026";"1640-PM026";66;0
"PM026";"1641-PM026";66;0
"PM027";"1642-PM027";66;0
"PM027";"1643-PM027";66;0
"PM028";"1644-PM028";66;0
"PM028";"1645-PM028";66;0
"PM030";"1646-PM030";66;0
"PM030";"1647-PM030";66;0
"PM031";"1648-PM031";66;0
"PM031";"1649-PM031";66;0
"PM032";"1650-PM032";66;0
"PM032";"1651-PM032";66;0
"PM033";"1652-PM033";66;0
"PM033";"1653-PM033";66;0
"PM034";"1654-PM034";66;0
"PM034";"1655-PM034";66;0
"PM035";"1656-PM035";66;0
"PM035";"1657-PM035";66;0
"PM036";"1658-PM036";66;0
"PM036";"1659-PM036";66;0
"PM037";"1660-PM037";66;0
"PM037";"1661-PM037";66;0
"PM038";"1662-PM038";66;0
"PM038";"1663-PM038";66;0
"PM050";"1664-PM050";66;0
"PM050";"1665-PM050";66;0
"PM051";"1666-PM051";66;0
"PM051";"1667-PM051";66;0
"PM052";"1668-PM052";66;0
"PM052";"1669-PM052";66;0
"PM053";"1670-PM053";66;0
"PM053";"1671-PM053";66;0
"PM060";"1672-PM060";66;0
"PM060";"1673-PM060";66;0
"PM061";"1674-PM061";66;0
"PM061";"1675-PM061";66;0
"PM070";"1677-PM070";66;0
"PM070";"1678-PM070";66;0
"PM071";"1679-PM071";66;0
"PM071";"1680-PM071";66;0
"PM072";"1681-PM072";66;0
"PM072";"1682-PM072";66;0
"PM073";"1683-PM073";66;0
"PM073";"1684-PM073";66;0
"PM080";"1685-PM080";66;0
"PM080";"1686-PM080";66;0
"PM081";"1687-PM081";66;0
"PM081";"1688-PM081";66;0
"PM083";"1689-PM083";66;0
"PM083";"1690-PM083";66;0
"PM084";"1691-PM084";66;0
"PM084";"1692-PM084";66;0
"PM085";"1693-PM085";66;0
"PM085";"1694-PM085";66;0
"PM086";"1695-PM086";66;0
"PM086";"1696-PM086";66;0
"PM087";"1697-PM087";66;0
"PM087";"1698-PM087";66;0
"PM088";"1699-PM088";66;0
"PM088";"1700-PM088";66;0
"PM090";"1701-PM090";66;0
"PM090";"1702-PM090";66;0
"PM091";"1703-PM091";66;0
"PM091";"1704-PM091";66;0
"PM092";"1705-PM092";66;0
"PM092";"1706-PM092";66;0
"PPR";"1707-PPR";66;0
"PPR";"1708-PPR";66;0
"PR002";"1709-PR002";66;0
"PR002";"1710-PR002";66;0
"PR004";"1711-PR004";66;0
"PR004";"1712-PR004";66;0
"PR006";"1713-PR006";66;0
"PR006";"1714-PR006";66;0
"PR008";"1715-PR008";66;0
"PR008";"1716-PR008";66;0
"PR010";"1717-PR010";66;0
"PR010";"1718-PR010";66;0
"PR014";"1719-PR014";66;0
"PR014";"1720-PR014";66;0
"PR016";"1721-PR016";66;0
"PR016";"1722-PR016";66;0
"PR017";"1723-PR017";66;0
"PR017";"1724-PR017";66;0
"PR018";"1725-PR018";66;0
"PR018";"1726-PR018";66;0
"PR020";"1727-PR020";66;0
"PR020";"1728-PR020";66;0
"PRB";"1729-PRB";66;0
"PRB";"1730-PRB";66;0
"PRBR2";"1731-PRBR2";66;0
"PRBR2";"1732-PRBR2";66;0
"PRBR3";"1733-PRBR3";66;0
"PRBR3";"1734-PRBR3";66;0
"PRBR4";"1735-PRBR4";66;0
"PRBR4";"1736-PRBR4";66;0
"PRBR5";"1737-PRBR5";66;0
"PRBR5";"1738-PRBR5";66;0
"PRBR6";"1739-PRBR6";66;0
"PRBR6";"1740-PRBR6";66;0
"PRFSC";"1741-PRFSC";66;0
"PRFSC";"1742-PRFSC";66;0
"PRIAI";"1743-PRIAI";66;0
"PRIAI";"1744-PRIAI";66;0
"PRIAO";"1745-PRIAO";66;0
"PRIAO";"1746-PRIAO";66;0
"PRIAP";"1747-PRIAP";66;0
"PRIAP";"1748-PRIAP";66;0
"PRIBR";"1749-PRIBR";66;0
"PRIBR";"1750-PRIBR";66;0
"PRICB";"1751-PRICB";66;0
"PRICB";"1752-PRICB";66;0
"PRICT";"1753-PRICT";66;0
"PRICT";"1754-PRICT";66;0
"PRIRI";"1755-PRIRI";66;0
"PRIRI";"1756-PRIRI";66;0
"PRIRO";"1757-PRIRO";66;0
"PRIRO";"1758-PRIRO";66;0
"PRIRP";"1759-PRIRP";66;0
"PRIRP";"1760-PRIRP";66;0
"PRITB";"1761-PRITB";66;0
"PRITB";"1762-PRITB";66;0
"PRITF";"1763-PRITF";66;0
"PRITF";"1764-PRITF";66;0
"PRITR";"1765-PRITR";66;0
"PRITR";"1766-PRITR";66;0
"PROTF";"1767-PROTF";66;0
"PROTF";"1768-PROTF";66;0
"PROTN";"1769-PROTN";66;0
"PROTN";"1770-PROTN";66;0
"PROVI";"1771-PROVI";66;0
"PROVI";"1772-PROVI";66;0
"PUL";"1775-PUL";66;0
"PUL";"1776-PUL";66;0
"PUP";"1777-PUP";66;0
"PUP";"1778-PUP";66;0
"PV6";"1779-PV6";66;0
"PV6";"1780-PV6";66;0
"PVF";"1781-PVF";66;0
"PVF";"1782-PVF";66;0
"PVI";"1783-PVI";66;0
"PVI";"1784-PVI";66;0
"PVN";"1786-PVN";66;0
"PVN";"1787-PVN";66;0
"PVO";"1788-PVO";66;0
"PVO";"1789-PVO";66;0
"PVP";"1790-PVP";66;0
"PVR";"1792-PVR";66;0
"PVS";"1794-PVS";66;0
"PVS";"1795-PVS";66;0
"PVURO";"1796-PVURO";66;0
"PVURO";"1797-PVURO";66;0
"QUIS";"1798-QUIS";66;0
"RAC";"1800-RAC";66;0
"RAP";"1802-RAP";66;0
"REBBL";"1805-REBBL";66;0
"REBBL";"1806-REBBL";66;0
"REBFR";"1807-REBFR";66;0
"REBFR";"1808-REBFR";66;0
"REBIY";"1809-REBIY";66;0
"REBIY";"1810-REBIY";66;0
"REBPR";"1811-REBPR";66;0
"REBPR";"1812-REBPR";66;0
"REBST";"1813-REBST";66;0
"REBST";"1814-REBST";66;0
"RES";"1815-RES";66;0
"RES";"1816-RES";66;0
"RETQ";"1817-RETQ";66;0
"RETQ";"1818-RETQ";66;0
"REVI";"1819-REVI";66;0
"REVI";"1820-REVI";66;0
"REVP";"1821-REVP";66;0
"REVP";"1822-REVP";66;0
"REVUR";"1823-REVUR";66;0
"REVUR";"1824-REVUR";66;0
"RGINV";"1825-RGINV";66;0
"RGINV";"1826-RGINV";66;0
"RGT";"1827-RGT";66;0
"RGT";"1828-RGT";66;0
"RMC";"1829-RMC";66;0
"RMC";"1830-RMC";66;0
"RVG";"1831-RVG";66;0
"RVG";"1832-RVG";66;0
"RVH";"1833-RVH";66;0
"RVH";"1834-RVH";66;0
"RVI";"1835-RVI";66;0
"RVI";"1836-RVI";66;0
"RVN";"1838-RVN";66;0
"RVN";"1839-RVN";66;0
"RVO";"1840-RVO";66;0
"RVO";"1841-RVO";66;0
"RVP";"1842-RVP";66;0
"RVP";"1843-RVP";66;0
"RVS";"1844-RVS";66;0
"RVS";"1845-RVS";66;0
"RVT";"1846-RVT";66;0
"RVT";"1847-RVT";66;0
"RXD";"1848-RXD";66;0
"RXD";"1849-RXD";66;0
"RXI";"1850-RXI";66;0
"RXI";"1851-RXI";66;0
"RXIT";"1852-RXIT";66;0
"RXIT";"1853-RXIT";66;0
"RXM";"1854-RXM";66;0
"RXM";"1855-RXM";66;0
"RXP";"1856-RXP";66;0
"RXP";"1857-RXP";66;0
"RXT";"1858-RXT";66;0
"RXT";"1859-RXT";66;0
"SEDA";"1860-SEDA";66;0
"SEDA";"1861-SEDA";66;0
"SF";"1862-SF";66;0
"SF";"1863-SF";66;0
"SFP";"1864-SFP";66;0
"SFP";"1865-SFP";66;0
"SOL";"1866-SOL";66;0
"SOL";"1867-SOL";66;0
"SUT";"1868-SUT";66;0
"SUT";"1869-SUT";66;0
"TAS";"1870-TAS";66;0
"TAS";"1871-TAS";66;0
"TBC1";"1873-TBC1";66;0
"TBC1";"1874-TBC1";66;0
"TBC2";"1875-TBC2";66;0
"TBC2";"1876-TBC2";66;0
"TBC3";"1877-TBC3";66;0
"TBC4";"1879-TBC4";66;0
"TBP";"1881-TBP";66;0
"TBP";"1882-TBP";66;0
"TCT02";"1883-TCT02";66;0
"TCT02";"1884-TCT02";66;0
"TCT05";"1885-TCT05";66;0
"TCT08";"1887-TCT08";66;0
"TCT14";"1889-TCT14";66;0
"TEL";"1891-TEL";66;0
"TEL";"1892-TEL";66;0
"TELEF";"1893-TELEF";66;0
"TIAUX";"1895-TIAUX";66;0
"TIAUX";"1896-TIAUX";66;0
"TIMCM";"1897-TIMCM";66;0
"TIMPB";"1899-TIMPB";66;0
"TIMPB";"1900-TIMPB";66;0
"TIMPF";"1901-TIMPF";66;0
"TIMPF";"1902-TIMPF";66;0
"TIMPI";"1903-TIMPI";66;0
"TIMPI";"1904-TIMPI";66;0
"TIMPM";"1905-TIMPM";66;0
"TIMPR";"1907-TIMPR";66;0
"TIMVP";"1909-TIMVP";66;0
"TLS";"1911-TLS";66;0
"TLS";"1912-TLS";66;0
"TOR";"1913-TOR";66;0
"TOR";"1914-TOR";66;0
"TRC";"1915-TRC";66;0
"TRC";"1916-TRC";66;0
"TRM";"1917-TRM";66;0
"TRP";"1919-TRP";66;0
"TRP";"1920-TRP";66;0
"TSE";"1921-TSE";66;0
"TTC";"1923-TTC";66;0
"TTC";"1924-TTC";66;0
"URG";"1925-URG";66;0
"URN";"1927-URN";66;0
"URO";"1929-URO";66;0
"UTK";"1931-UTK";66;0
"UTK";"1932-UTK";66;0
"VTP";"1933-VTP";66;0
"WCCR";"1935-WCCR";66;0
"WCCR";"1936-WCCR";66;0
"WO3D";"1937-WO3D";66;0
"WOR";"1939-WOR";66;0
"WOR";"1940-WOR";66;0
"WT00";"1941-WT00";66;0
"WT01";"1943-WT01";66;0
"WT02";"1945-WT02";66;0
"WT02";"1946-WT02";66;0
"WT03";"1947-WT03";66;0
"WT03";"1948-WT03";66;0
"WT04";"1949-WT04";66;0
"WT05";"1951-WT05";66;0
"WT06";"1953-WT06";66;0
"WT07";"1955-WT07";66;0
"WT07";"1956-WT07";66;0
"WT09";"1959-WT09";66;0
"WT09";"1960-WT09";66;0
"WT10";"1961-WT10";66;0
"WT11";"1963-WT11";66;0
"WT11";"1964-WT11";66;0
"WT12";"1966-WT12";66;0
"WT20";"1967-WT20";66;0
"WT22";"1971-WT22";66;0
"WT23";"1973-WT23";66;0
"WT24";"1976-WT24";66;0
"WT25";"1977-WT25";66;0
"WT26";"1979-WT26";66;0
"WT28";"1983-WT28";66;0
"WT31";"1987-WT31";66;0
"WT31";"1988-WT31";66;0
"WT33";"1991-WT33";66;0
"WT34";"1993-WT34";66;0
"WT35";"1996-WT35";66;0
"WT36";"1997-WT36";66;0
"WT37";"1999-WT37";66;0
"WT40";"2003-WT40";66;0
"WT41";"2005-WT41";66;0
"WT42";"2007-WT42";66;0
"WT43";"2009-WT43";66;0
"WT43";"2010-WT43";66;0
"WT44";"2011-WT44";66;0
"WT47";"2017-WT47";66;0
"WT48";"2019-WT48";66;0
"WT48";"2020-WT48";66;0
"WT51";"2023-WT51";66;0
"WT51";"2024-WT51";66;0
"WT90";"2025-WT90";66;0
"WT91";"2027-WT91";66;0
"WT91";"2028-WT91";66;0
"WT92";"2030-WT92";66;0
"WT93";"2031-WT93";66;0
"WT95";"2035-WT95";66;0
"WT96";"2037-WT96";66;0
"WT97";"2040-WT97";66;0
"WT98";"2041-WT98";66;0
"WT99";"2043-WT99";66;0
"WT99";"2044-WT99";66;0
"_Descuento";"1-_Descuento";-1;0
"1-001";"2-1-001";-1;0
"1-004";"3-1-004";56;0
"1-004";"4-1-004";56;0
"1-005";"5-1-005";56;0
"1-005";"6-1-005";56;0
"1-006";"7-1-006";56;0
"1-007";"9-1-007";56;0
"1-007";"10-1-007";46;0
"1-008";"12-1-008";56;0
"1-009";"14-1-009";56;0
"1-010";"15-1-010";56;0
"1-011";"18-1-011";56;0
"1-012";"20-1-012";56;0
"1-013";"21-1-013";56;0
"1-013";"22-1-013";56;0
"1-014";"23-1-014";56;0
"1-015";"26-1-015";56;0
"1-016";"28-1-016";56;0
"1-017";"30-1-017";56;0
"1-018";"32-1-018";56;0
"1-019";"34-1-019";56;0
"1-020";"36-1-020";56;0
"1-021";"37-1-021";56;0
"1-022";"40-1-022";56;0
"1-023";"41-1-023";56;0
"1-024";"43-1-024";56;0
"1-025";"46-1-025";56;0
"1-026";"48-1-026";56;0
"1-027";"49-1-027";56;0
"1-028";"52-1-028";56;0
"1-029";"54-1-029";56;0
"1-030";"56-1-030";56;0
"1-031";"57-1-031";56;0
"1-050";"60-1-050";56;0
"1-060";"61-1-060";56;0
"1-061";"64-1-061";56;0
"10000";"72-10000";56;0
"10001";"74-10001";56;0
"10002";"76-10002";56;0
"10003";"78-10003";56;0
"10004";"80-10004";56;0
"10005";"82-10005";56;0
"10006";"84-10006";56;0
"10007";"85-10007";56;0
"10010";"88-10010";56;0
"10HD6";"90-10HD6";63;0
"10R03";"92-10R03";63;0
"10R06";"94-10R06";63;0
"10R12";"96-10R12";63;0
"10RHD";"98-10RHD";63;0
"10ROR";"100-10ROR";63;0
"10RPD";"101-10RPD";63;0
"1A01";"103-1A01";58;0
"1A02";"105-1A02";58;0
"1A03";"106-1A03";58;0
"1A03";"107-1A03";58;0
"1A04";"108-1A04";58;0
"1A04";"109-1A04";58;0
"1A05";"111-1A05";58;0
"1A06";"113-1A06";58;0
"1A07";"114-1A07";58;0
"1A08";"116-1A08";58;0
"1A09";"118-1A09";58;0
"1A09";"119-1A09";58;0
"1A10";"120-1A10";58;0
"1A10";"121-1A10";58;0
"1B01";"122-1B01";55;0
"1B02";"124-1B02";55;0
"1B04";"128-1B04";55;0
"1B07";"135-1B07";55;0
"1B11";"143-1B11";55;0
"1C01";"145-1C01";53;0
"1C02";"147-1C02";53;0
"1C03";"149-1C03";53;0
"1C04";"151-1C04";53;0
"1G02";"153-1G02";54;0
"1C07";"157-1C07";53;0
"1C08";"159-1C08";74;0
"1M00";"161-1M00";53;0
"1M02";"166-1M02";71;0
"1M04";"170-1M04";60;0
"1X01";"171-1X01";71;0
"1X02";"174-1X02";54;0
"220";"175-220";-1;0
"2A00";"177-2A00";48;0
"2A01";"179-2A01";48;0
"2A02";"181-2A02";48;0
"2A03";"183-2A03";48;0
"2A04";"185-2A04";48;0
"2A05";"187-2A05";48;0
"2A08";"192-2A08";48;0
"2A09";"194-2A09";48;0
"2A09";"195-2A09";48;0
"2A10";"197-2A10";48;0
"2A12";"201-2A12";48;0
"2A13";"202-2A13";48;0
"2A14";"205-2A14";48;0
"2A15";"206-2A15";48;0
"2A15";"207-2A15";48;0
"2C01";"210-2C01";59;0
"2C02";"212-2C02";59;0
"2C04";"216-2C04";59;0
"2C05";"218-2C05";59;0
"2C06";"220-2C06";59;0
"2C07";"222-2C07";59;0
"2C08";"224-2C08";59;0
"2C10";"227-2C10";59;0
"2C11";"230-2C11";59;0
"2C12";"231-2C12";59;0
"2E00";"235-2E00";47;0
"2E00";"236-2E00";47;0
"2E01";"237-2E01";47;0
"2E01";"238-2E01";47;0
"2E02";"239-2E02";47;0
"2E02";"240-2E02";47;0
"2E03";"241-2E03";47;0
"2E09";"253-2E09";47;0
"2E11";"257-2E11";47;0
"2F03";"269-2F03";68;0
"2F04";"271-2F04";68;0
"2F05";"273-2F05";68;0
"2P01";"277-2P01";49;0
"2P03";"281-2P03";49;0
"2P04";"283-2P04";49;0
"2P06";"287-2P06";49;0
"2P07";"289-2P07";49;0
"2P08";"291-2P08";49;0
"2P09";"293-2P09";49;0
"2P10";"295-2P10";49;0
"2P11";"297-2P11";49;0
"2P12";"299-2P12";49;0
"2P16";"307-2P16";49;0
"2P19";"313-2P19";49;0
"2P20";"315-2P20";49;0
"2R00";"317-2R00";50;0
"2R01";"319-2R01";50;0
"2R15";"321-2R15";50;0
"2R02";"323-2R02";50;0
"2R03";"325-2R03";50;0
"2R04";"327-2R04";50;0
"2R05";"329-2R05";50;0
"2R06";"331-2R06";50;0
"2R07";"333-2R07";50;0
"2R08";"335-2R08";50;0
"2R09";"337-2R09";50;0
"2R10";"339-2R10";50;0
"2R11";"341-2R11";50;0
"2R12";"343-2R12";50;0
"2R13";"345-2R13";50;0
"2R14";"347-2R14";50;0
"2R15";"349-2R15";50;0
"2R16";"351-2R16";50;0
"2X01";"353-2X01";60;0
"2X02";"355-2X02";60;0
"2X04";"359-2X04";60;0
"2X05";"361-2X05";60;0
"2X06";"363-2X06";60;0
"2X07";"365-2X07";60;0
"2X08";"367-2X08";60;0
"2X09";"369-2X09";60;0
"2X10";"371-2X10";60;0
"2X11";"373-2X11";60;0
"2X12";"375-2X12";60;0
"2X13";"377-2X13";60;0
"2X14";"379-2X14";60;0
"2X15";"381-2X15";60;0
"2X16";"383-2X16";60;0
"2X17";"385-2X17";60;0
"2X18";"387-2X18";60;0
"2X19";"389-2X19";60;0
"2X20";"391-2X20";60;0
"2X21";"393-2X21";60;0
"3A00";"397-3A00";57;0
"3A01";"399-3A01";57;0
"3A02";"402-3A02";57;0
"3A03";"403-3A03";57;0
"3A04";"406-3A04";57;0
"3A05";"407-3A05";57;0
"3A06";"409-3A06";62;0
"3A07";"412-3A07";62;0
"3A08";"414-3A08";62;0
"3A10";"415-3A10";57;0
"3A10";"416-3A10";57;0
"3G00";"418-3G00";57;0
"3G02";"422-3G02";57;0
"3G05";"427-3G05";65;0
"3G06";"429-3G06";65;0
"3G07";"431-3G07";57;0
"3G07";"432-3G07";46;0
"3G08";"434-3G08";57;0
"3G08";"435-3G08";57;0
"3G09";"436-3G09";46;0
"3G10";"440-3G10";57;0
"3G11";"442-3G11";57;0
"3G12";"444-3G12";57;0
"3G12";"445-3G12";57;0
"3G13";"447-3G13";57;0
"3G15";"450-3G15";63;0
"3G16";"453-3G16";63;0
"3G17";"454-3G17";62;0
"3G19";"458-3G19";57;0
"3G19";"459-3G19";57;0
"3IMP1";"461-3IMP1";57;0
"3IMP2";"462-3IMP2";57;0
"3IMP3";"465-3IMP3";57;0
"3IMP8";"474-3IMP8";57;0
"4A00";"476-4A00";53;0
"4A01";"479-4A01";53;0
"4A02";"481-4A02";53;0
"4A03";"483-4A03";53;0
"4A04";"485-4A04";53;0
"4A05";"487-4A05";72;0
"4A06";"488-4A06";72;0
"4A07";"490-4A07";72;0
"4A08";"493-4A08";67;0
"4B01";"495-4B01";53;0
"4B02";"496-4B02";-1;0
"4B21";"497-4B21";-1;0
"4I00";"499-4I00";53;0
"4I01";"501-4I01";62;0
"4I02";"502-4I02";62;0
"4I03";"505-4I03";62;0
"4I04";"506-4I04";62;0
"4R00";"509-4R00";54;0
"4R07";"524-4R07";53;0
"4T03";"538-4T03";-1;0
"4T04";"540-4T04";54;0
"4T05";"541-4T05";54;0
"4T09";"549-4T09";73;0
"4T11";"553-4T11";54;0
"4T12";"556-4T12";54;0
"4T16";"563-4T16";54;0
"4T16";"564-4T16";-1;0
"4T17";"566-4T17";54;0
"5H05";"588-5H05";64;0
"5H07";"592-5H07";60;0
"5H08";"594-5H08";60;0
"5H10";"598-5H10";51;0
"5H12";"601-5H12";-1;0
"5H14";"605-5H14";64;0
"5H15";"607-5H15";64;0
"5H16";"608-5H16";60;0
"5H17";"610-5H17";60;0
"5H21";"618-5H21";60;0
"5M00";"621-5M00";62;0
"5P03";"630-5P03";51;0
"5P06";"637-5P06";51;0
"5P07";"638-5P07";51;0
"5P10";"645-5P10";51;0
"6A00";"650-6A00";53;0
"6A03";"656-6A03";53;0
"6A05";"660-6A05";53;0
"6A07";"665-6A07";53;0
"6B00";"675-6B00";53;0
"6B01";"677-6B01";53;0
"6B03";"681-6B03";53;0
"6B04";"682-6B04";53;0
"6B05";"685-6B05";53;0
"6C01";"689-6C01";53;0
"6G09";"732-6G09";-1;0
"6R02";"752-6R02";53;0
"6R03";"754-6R03";53;0
"6R04";"756-6R04";53;0
"6R05";"758-6R05";53;0
"6W00";"763-6W00";53;0
"6Z00";"766-6Z00";53;0
"7B04";"789-7B04";54;0
"7B06";"793-7B06";54;0
"7B07";"795-7B07";54;0
"7C00";"796-7C00";67;0
"7C01";"798-7C01";-1;0
"7C01";"800-7C01";67;0
"7C02";"801-7C02";67;0
"7E00";"811-7E00";67;0
"8A03";"825-8A03";62;0
"8A11";"839-8A11";62;0
"8B00";"844-8B00";62;0
"8C05";"857-8C05";62;0
"8P00";"864-8P00";62;0
"8P01";"865-8P01";62;0
"8P01";"866-8P01";62;0
"8P02";"867-8P02";62;0
"8P03";"870-8P03";62;0
"8P04";"872-8P04";62;0
"8P05";"873-8P05";62;0
"8P05";"874-8P05";62;0
"8P06";"876-8P06";62;0
"8PZR";"880-8PZR";62;0
"8R00";"882-8R00";62;0
"8R04";"890-8R04";62;0
"8R05";"892-8R05";62;0
"8V00";"896-8V00";62;0
"8V01";"898-8V01";62;0
"8V04";"903-8V04";62;0
"9A00";"907-9A00";46;0
"9A11";"930-9A11";46;0
"9A12";"932-9A12";46;0
"9C01";"938-9C01";46;0
"9C02";"940-9C02";46;0
"9C04";"944-9C04";46;0
"9C05";"946-9C05";46;0
"9C06";"948-9C06";46;0
"9C07";"950-9C07";46;0
"9C08";"952-9C08";46;0
"9F00";"958-9F00";46;0
"9F04";"966-9F04";46;0
"9M04";"976-9M04";46;0
"9M06";"980-9M06";46;0
"9M08";"984-9M08";46;0
"9N00";"990-9N00";77;0
"9N02";"994-9N02";77;0
"9N03";"996-9N03";78;0
"9N04";"998-9N04";77;0
"9N05";"999-9N05";57;0
"9N05";"1000-9N05";46;0
"9N06";"1002-9N06";63;0
"9N07";"1003-9N07";63;0
"9N08";"1005-9N08";63;0
"9N10";"1007-9N10";56;0
"9N11";"1009-9N11";57;0
"9N14";"1016-9N14";78;0
"9P00";"1017-9P00";-1;0
"9P03";"1018-9P03";-1;0
"9P05";"1019-9P05";-1;0
"9P06";"1020-9P06";-1;0
"9P10";"1021-9P10";-1;0
"9P13";"1022-9P13";-1;0
"9P14";"1023-9P14";-1;0
"9P16";"1024-9P16";-1;0
"9P18";"1025-9P18";-1;0
"9P19";"1026-9P19";-1;0
"9P20";"1027-9P20";-1;0
"9P21";"1028-9P21";-1;0
"9P23";"1029-9P23";-1;0
"9P24";"1030-9P24";-1;0
"9P25";"1031-9P25";-1;0
"9P26";"1032-9P26";-1;0
"9P27";"1033-9P27";-1;0
"9P28";"1034-9P28";-1;0
"9P30";"1035-9P30";-1;0
"9R00";"1037-9R00";63;0
"9R01";"1039-9R01";63;0
"9R02";"1040-9R02";63;0
"9R03";"1043-9R03";63;0
"9R04";"1045-9R04";63;0
"9R05";"1047-9R05";63;0
"9R06";"1048-9R06";63;0
"9R07";"1051-9R07";63;0
"9R08";"1052-9R08";63;0
"9R09";"1055-9R09";63;0
"9R10";"1056-9R10";63;0
"9R11";"1059-9R11";63;0
"9R12";"1061-9R12";63;0
"9R13";"1063-9R13";63;0
"9R14";"1064-9R14";63;0
"9R15";"1066-9R15";63;0
"9R16";"1069-9R16";63;0
"9R17";"1071-9R17";63;0
"9R18";"1072-9R18";63;0
"9R18";"1074-9R18";63;0
"9R19";"1076-9R19";63;0
"9R20";"1078-9R20";63;0
"9R21";"1080-9R21";63;0
"9R22";"1081-9R22";63;0
"9R23";"1084-9R23";63;0
"9R25";"1085-9R25";63;0
"9R25";"1086-9R25";-1;0
"9R26";"1088-9R26";56;0
"9R27";"1090-9R27";56;0
"9S00";"1095-9S00";53;0
"9S01";"1097-9S01";53;0
"9S02";"1099-9S02";67;0
"9S03";"1101-9S03";67;0
"9S04";"1103-9S04";62;0
"9S05";"1106-9S05";62;0
"9S06";"1109-9S06";67;0
"APT";"1151-APT";-1;0
"C";"1174-C";-1;0
"CANR";"1179-CANR";-1;0
"CEM";"1193-CEM";-1;0
"CEP";"1200-CEP";-1;0
"CIN";"1201-CIN";-1;0
"CKS";"1204-CKS";-1;0
"COD";"1215-COD";-1;0
"COMIY";"1219-COMIY";-1;0
"COMST";"1222-COMST";-1;0
"CTRIM";"1248-CTRIM";-1;0
"CTRL";"1249-CTRL";-1;0
"DIAS";"1259-DIAS";-1;0
"EQI";"1280-EQI";-1;0
"EQS";"1293-EQS";-1;0
"ESQ";"1304-ESQ";-1;0
"ESQT";"1311-ESQT";-1;0
"EXM";"1322-EXM";-1;0
"EXTRU";"1346-EXTRU";-1;0
"FFA";"1352-FFA";-1;0
"FOTO";"1367-FOTO";-1;0
"FRD02";"1380-FRD02";-1;0
"FRD04";"1383-FRD04";-1;0
"FRG02";"1392-FRG02";-1;0
"FRL";"1401-FRL";-1;0
"FRL2";"1407-FRL2";-1;0
"FRP02";"1418-FRP02";-1;0
"FRP04";"1421-FRP04";-1;0
"GUIAP";"1441-GUIAP";-1;0
"GVCC";"1447-GVCC";-1;0
"HDP";"1464-HDP";-1;0
"IHP";"1467-IHP";-1;0
"IMP";"1470-IMP";-1;0
"INCOP";"1493-INCOP";-1;0
"INPOD";"1505-INPOD";-1;0
"INU0R";"1508-INU0R";-1;0
"INUI";"1509-INUI";-1;0
"INUOD";"1510-INUOD";-1;0
"MG01";"1523-MG01";58;0
"MG02";"1525-MG02";55;0
"MG03";"1527-MG03";46;0
"MOD";"1531-MOD";-1;0
"NOVI";"1541-NOVI";-1;0
"OCP";"1553-OCP";-1;0
"OCT";"1557-OCT";-1;0
"ORT";"1561-ORT";-1;0
"PAUT";"1566-PAUT";-1;0
"PLAT";"1603-PLAT";-1;0
"PM012";"1616-PM012";-1;0
"PM062";"1676-PM062";-1;0
"PRVR";"1773-PRVR";-1;0
"PTE";"1774-PTE";-1;0
"PVM";"1785-PVM";-1;0
"QUIS";"1799-QUIS";-1;0
"RAC";"1801-RAC";-1;0
"RDC";"1804-RDC";-1;0
"RVM";"1837-RVM";-1;0
"TBC";"1872-TBC";-1;0
"TCT05";"1886-TCT05";-1;0
"TCT08";"1888-TCT08";-1;0
"TELEF";"1894-TELEF";-1;0
"TIMPM";"1906-TIMPM";-1;0
"TRM";"1918-TRM";-1;0
"TSE";"1922-TSE";-1;0
"URG";"1926-URG";-1;0
"WO3D";"1938-WO3D";-1;0
"WT04";"1950-WT04";-1;0
"WT08";"1958-WT08";-1;0
"WT21";"1970-WT21";-1;0
"WT27";"1982-WT27";-1;0
"WT30";"1986-WT30";-1;0
"WT32";"1990-WT32";-1;0
"WT38";"2002-WT38";-1;0
"WT45";"2014-WT45";-1;0
"WT46";"2016-WT46";-1;0
"WT49";"2022-WT49";-1;0
"WT94";"2034-WT94";-1;0
"2R17";"2045-2R17";50;0
"9RSMS";"2053-9RSMS";63;0
"4R08";"2054-4R08";54;0
"1P01";"2055-1P01";58;0
"1P02";"2056-1P02";54;0
"1P03";"2057-1P03";54;0
"1P08";"2058-1P08";58;0
"2R20";"2063-2R20";50;0
"9R28";"2064-9R28";63;0
"9R30";"2067-9R30";63;0
"9R31";"2068-9R31";63;0
"2A01";"2073-2A01";48;0
"10HD6";"2081-10HD6";63;0
"2C01";"2084-2C01";59;0
"2C04";"2087-2C04";59;0
"2C08";"2091-2C08";59;0
"2C11";"2093-2C11";59;0
"2C12";"2094-2C12";59;0
"2E00";"2096-2E00";47;0
"2E01";"2097-2E01";47;0
"2E02";"2098-2E02";47;0
"3G02";"2103-3G02";57;0
"3G07";"2104-3G07";57;0
"3A09";"2107-3A09";57;0
"2X10";"2111-2X10";60;0
"2X09";"2114-2X09";60;0
"2X15";"2116-2X15";60;0
"2X12";"2117-2X12";60;0
"2X16";"2118-2X16";60;0
"2X18";"2119-2X18";60;0
"2X12";"2121-2X12";60;0
"1C02";"2122-1C02";74;0
"1C02";"2125-1C02";74;0
"1C03";"2126-1C03";74;0
"1C04";"2127-1C04";53;0
"1C07";"2128-1C07";53;0
"1G02";"2133-1G02";74;0
"6A06";"2137-6A06";53;0
"4R02";"2139-4R02";53;0
"4R04";"2141-4R04";53;0
"4R05";"2142-4R05";53;0
"4R08";"2144-4R08";53;0
"4R09";"2145-4R09";53;0
"4R10";"2146-4R10";53;0
"4T00";"2147-4T00";54;0
"4T01";"2148-4T01";54;0
"4T02";"2149-4T02";54;0
"4T03";"2150-4T03";54;0
"3G00";"2151-3G00";57;0
"3G00";"2152-3G00";57;0
"1C03";"2155-1C03";53;0
"1C08";"2156-1C08";74;0
"1C08";"2157-1C08";74;0
"1G02";"2159-1G02";67;0
"2E12";"2161-2E12";47;0
"2F02";"2163-2F02";51;0
"2F05";"2166-2F05";51;0
"2P03";"2167-2P03";49;0
"2P05";"2169-2P05";49;0
"2P06";"2170-2P06";49;0
"2P07";"2171-2P07";49;0
"2P08";"2172-2P08";49;0
"2P11";"2173-2P11";49;0
"2P09";"2174-2P09";49;0
"2P10";"2175-2P10";49;0
"8V03";"2184-8V03";62;0
"8V04";"2185-8V04";62;0
"8R02";"2187-8R02";62;0
"8R03";"2188-8R03";62;0
"8T00";"2189-8T00";62;0
"9A01";"2190-9A01";46;0
"9A02";"2191-9A02";46;0
"9A03";"2192-9A03";46;0
"4S00";"2218-4S00";53;0
"4S01";"2219-4S01";75;0
"1A00";"2220-1A00";58;0
"4S02";"2221-4S02";75;0
"4S03";"2222-4S03";50;0
"4S04";"2223-4S04";60;0
"6D00";"2224-6D00";60;0
"4S05";"2225-4S05";53;0
"8V00";"2228-8V00";62;0
"3G00";"2229-3G00";57;0
"2R21";"2231-2R21";50;0
"8C05";"2236-8C05";62;0
"1A02";"2237-1A02";58;0
"3G22";"2240-3G22";46;0
"9S07";"2245-9S07";62;0
"2R23";"2256-2R23";50;0
"2R24";"2257-2R24";50;0
"8V02";"2261-8V02";62;0
"1P11";"2263-1P11";53;0
"1P12";"2264-1P12";53;0
"1P08";"2265-1P08";62;0
"1P09";"2266-1P09";62;0
"1P10";"2267-1P10";62;0
"2C16";"2268-2C16";59;0
"2C17";"2269-2C17";59;0
"2C18";"2270-2C18";59;0
"2A20";"2271-2A20";48;0
"2P02";"2272-2P02";49;0
"2P22";"2273-2P22";49;0
"2E16";"2274-2E16";47;0
"2E17";"2275-2E17";47;0
"2E18";"2276-2E18";47;0
"9A16";"2277-9A16";46;0
"9A17";"2278-9A17";46;0
"4T06";"2279-4T06";53;0
"4T07";"2280-4T07";53;0
"4T08";"2281-4T08";53;0
"4T13";"2282-4T13";54;0
"2X33";"2283-2X33";60;0
"3A09";"2287-3A09";57;0
"9S08";"2289-9S08";67;0
"9S09";"2290-9S09";67;0
"2R28";"2291-2R28";50;0
"3G00";"2305-3G00";57;0
"3G00";"2306-3G00";57;0
"3G00";"2307-3G00";57;0
"_SD";"-1-_SD";-1;0
"2C03";"214-2C03";59;
"6Z01";"768-6Z01";53;
"7C00";"797-7C00";67;
"COVID-19";"2066-COVID-19";63;
"2C02";"2072-2C02";59;
"6A06";"2136-6A06";53;
"2A13";"2238-2A13";48;
"3P00";"2246-3P00";57;
"3G16";"2255-3G16";57;
"9A15";"2262-9A15";46;
"8A03";"2285-8A03";62;
"10RPD";"2296-10RPD";63;
"8A00";"2301-8A00";62;
"1-023";"42-1-023";-1;
"1-024";"44-1-024";-1;
"1-027";"50-1-027";-1;
"10007";"86-10007";-1;
"1B03";"127-1B03";-1;
"1B05";"131-1B05";-1;
"1C06";"155-1C06";-1;
"1M01";"163-1M01";-1;
"1M03";"168-1M03";-1;
"1X01";"172-1X01";-1;
"2A06";"189-2A06";-1;
"2C13";"234-2C13";-1;
"2E12";"260-2E12";-1;
"3A00";"398-3A00";-1;
"3A01";"400-3A01";-1;
"3A06";"410-3A06";-1;
"3G01";"420-3G01";-1;
"3G03";"424-3G03";-1;
"3G18";"457-3G18";-1;
"3IMP4";"467-3IMP4";-1;
"3IMP6";"471-3IMP6";-1;
"4A00";"477-4A00";-1;
"4A07";"491-4A07";-1;
"4I02";"503-4I02";-1;
"4I04";"507-4I04";-1;
"4R01";"511-4R01";-1;
"4R03";"515-4R03";-1;
"4T05";"542-4T05";-1;
"4T07";"546-4T07";-1;
"4T09";"550-4T09";-1;
"4T11";"554-4T11";-1;
"4T13";"558-4T13";-1;
"4T20";"570-4T20";-1;
"4T22";"574-4T22";-1;
"5H00";"578-5H00";-1;
"5H02";"582-5H02";-1;
"5H04";"586-5H04";-1;
"5H06";"590-5H06";-1;
"5H13";"603-5H13";-1;
"5H16";"609-5H16";-1;
"5H17";"611-5H17";-1;
"5H19";"615-5H19";-1;
"5M01";"623-5M01";-1;
"5P00";"625-5P00";-1;
"5P04";"633-5P04";-1;
"5P05";"635-5P05";-1;
"5P09";"643-5P09";-1;
"6A01";"653-6A01";-1;
"6A02";"655-6A02";-1;
"6B02";"679-6B02";-1;
"6C00";"687-6C00";-1;
"6C02";"691-6C02";-1;
"6C04";"696-6C04";-1;
"6FZR";"712-6FZR";-1;
"6G07";"728-6G07";-1;
"6L04";"744-6L04";-1;
"7A01";"773-7A01";-1;
"7A03";"777-7A03";-1;
"7C02";"802-7C02";-1;
"7D01";"806-7D01";-1;
"8A01";"822-8A01";-1;
"8A06";"832-8A06";-1;
"8A08";"836-8A08";-1;
"8A11";"840-8A11";-1;
"8B01";"846-8B01";-1;
"8PCR";"878-8PCR";-1;
"8T00";"894-8T00";-1;
"9A02";"912-9A02";-1;
"9A04";"916-9A04";-1;
"9A06";"920-9A06";-1;
"9A08";"924-9A08";-1;
"9A10";"928-9A10";-1;
"9C00";"936-9C00";-1;
"9C03";"942-9C03";-1;
"9C10";"956-9C10";-1;
"9F01";"960-9F01";-1;
"9F03";"964-9F03";-1;
"9M01";"970-9M01";-1;
"9M03";"974-9M03";-1;
"9M05";"978-9M05";-1;
"9M07";"982-9M07";-1;
"9R02";"1041-9R02";-1;
"9R06";"1049-9R06";-1;
"9R08";"1053-9R08";-1;
"9R10";"1057-9R10";-1;
"9R14";"1065-9R14";-1;
"9R15";"1067-9R15";-1;
"9R22";"1082-9R22";-1;
"9S01";"1098-9S01";-1;
"9S09";"1116-9S09";-1;
"9V00";"1120-9V00";-1;
"9V04";"1128-9V04";-1;
"A";"1130-A";-1;
"AGEN";"1136-AGEN";-1;
"APC";"1144-APC";-1;
"APL";"1148-APL";-1;
"BIM";"1161-BIM";-1;
"CANI";"1178-CANI";-1;
"CCOD";"1183-CCOD";-1;
"CCP";"1187-CCP";-1;
"CEM3";"1199-CEM3";-1;
"CMP";"1210-CMP";-1;
"CNI2";"1214-CNI2";-1;
"CPD";"1228-CPD";-1;
"CTQ";"1244-CTQ";-1;
"DBR";"1253-DBR";-1;
"DTO";"1265-DTO";-1;
"EDI";"1269-EDI";-1;
"ENF";"1273-ENF";-1;
"EPC";"1277-EPC";-1;
"EQI 1";"1282-EQI 1";-1;
"EQIG";"1290-EQIG";-1;
"EQR";"1292-EQR";-1;
"ESQPM";"1308-ESQPM";-1;
"ESQTI";"1313-ESQTI";-1;
"EXIMP";"1321-EXIMP";-1;
"EXOM";"1326-EXOM";-1;
"EXP";"1330-EXP";-1;
"EXT";"1342-EXT";-1;
"FNR1";"1362-FNR1";-1;
"FRAG";"1375-FRAG";-1;
"FRE";"1389-FRE";-1;
"FRL0";"1403-FRL0";-1;
"FRP06";"1425-FRP06";-1;
"GRA";"1437-GRA";-1;
"HD";"1457-HD";-1;
"HIO";"1466-HIO";-1;
"IMP1";"1472-IMP1";-1;
"IMPAC";"1480-IMPAC";-1;
"IMPPA";"1482-IMPPA";-1;
"INCER";"1488-INCER";-1;
"INOD";"1501-INOD";-1;
"MOE";"1533-MOE";-1;
"NOVI2";"1543-NOVI2";-1;
"NUL";"1545-NUL";-1;
"PAGO";"1563-PAGO";-1;
"PAP";"1565-PAP";-1;
"PVP";"1791-PVP";-1;
"PVR";"1793-PVR";-1;
"RAP";"1803-RAP";-1;
"TBC3";"1878-TBC3";-1;
"TBC4";"1880-TBC4";-1;
"TCT14";"1890-TCT14";-1;
"TIMCM";"1898-TIMCM";-1;
"TIMPR";"1908-TIMPR";-1;
"TIMVP";"1910-TIMVP";-1;
"URN";"1928-URN";-1;
"URO";"1930-URO";-1;
"VTP";"1934-VTP";-1;
"WT00";"1942-WT00";-1;
"WT01";"1944-WT01";-1;
"WT05";"1952-WT05";-1;
"WT06";"1954-WT06";-1;
"WT10";"1962-WT10";-1;
"WT22";"1972-WT22";-1;
"WT23";"1974-WT23";-1;
"WT33";"1992-WT33";-1;
"WT34";"1994-WT34";-1;
"WT36";"1998-WT36";-1;
"WT41";"2006-WT41";-1;
"WT42";"2008-WT42";-1;
"WT47";"2018-WT47";-1;
"WT90";"2026-WT90";-1;
"WT95";"2036-WT95";-1;
"WT96";"2038-WT96";-1;
"1A01";"104-1A01";-1;40
"1A05";"110-1A05";58;40
"1A06";"112-1A06";58;40
"1A07";"115-1A07";58;50
"1A08";"117-1A08";58;40
"1B01";"123-1B01";55;45
"1B02";"125-1B02";-1;85
"1B03";"126-1B03";55;150
"1B04";"129-1B04";-1;30
"1B06";"132-1B06";55;25
"1B06";"133-1B06";55;32
"1B08";"137-1B08";55;120
"1B09";"139-1B09";55;120
"1B10";"141-1B10";55;122
"1G02";"154-1G02";54;40
"1C08";"158-1C08";53;55
"1M01";"162-1M01";53;50
"1M02";"164-1M02";60;180
"1M03";"167-1M03";71;45
"2A00";"176-2A00";48;70
"2A01";"178-2A01";48;295
"2A02";"180-2A02";48;650
"2A03";"182-2A03";48;40
"2A04";"184-2A04";48;65
"2A05";"186-2A05";48;55
"2A06";"188-2A06";48;55
"2A07";"190-2A07";48;55
"2A10";"196-2A10";48;160
"2A12";"200-2A12";48;60
"2A13";"203-2A13";48;25
"2A14";"204-2A14";48;45
"2A16";"208-2A16";48;60
"2C01";"209-2C01";59;80
"2C02";"211-2C02";59;40
"2C03";"213-2C03";59;40
"2C04";"215-2C04";59;80
"2C05";"217-2C05";59;75
"2C06";"219-2C06";59;80
"2C07";"221-2C07";59;115
"2C08";"223-2C08";59;40
"2C09";"225-2C09";59;30
"2C10";"228-2C10";59;80
"2C11";"229-2C11";59;55
"2C12";"232-2C12";59;55
"2C13";"233-2C13";59;125
"2E03";"242-2E03";47;80
"2E04";"243-2E04";47;145
"2E05";"246-2E05";47;158
"2E06";"247-2E06";47;172
"2E07";"249-2E07";47;237
"2E08";"251-2E08";47;192
"2E09";"254-2E09";-1;90
"2E10";"255-2E10";47;215
"2E11";"258-2E11";47;232
"2E12";"259-2E12";47;295
"2E13";"262-2E13";47;130
"2E14";"263-2E14";47;80
"2F01";"264-2F01";68;85
"2F02";"266-2F02";68;80
"2P00";"274-2P00";49;20
"2P05";"285-2P05";49;190
"2P17";"308-2P17";49;130
"2P18";"310-2P18";49;165
"2R14";"346-2R14";50;600
"2X01";"352-2X01";60;190
"2X02";"354-2X02";60;45
"2X03";"357-2X03";60;167
"2X17";"384-2X17";60;260
"2X21";"394-2X21";71;250
"2X22";"396-2X22";-1;1350
"3A02";"401-3A02";57;47
"3A03";"404-3A03";-1;52
"3A04";"405-3A04";57;165
"3A05";"408-3A05";57;240
"3A08";"413-3A08";62;45
"3G00";"417-3G00";57;900
"3G01";"419-3G01";57;290
"3G02";"421-3G02";57;185
"3G03";"423-3G03";57;1000
"3G04";"425-3G04";57;1580
"3G04";"426-3G04";46;1680
"3G05";"428-3G05";46;250
"3G06";"430-3G06";46;340
"3G08";"433-3G08";46;80
"3G09";"437-3G09";46;275
"3G10";"438-3G10";65;80
"3G14";"448-3G14";63;2020
"3G15";"451-3G15";-1;1990
"3G17";"455-3G17";-1;1610
"3G18";"456-3G18";46;45
"3IMP2";"463-3IMP2";-1;1860
"3IMP4";"466-3IMP4";57;3640
"3IMP5";"468-3IMP5";57;4550
"3IMP6";"470-3IMP6";57;5460
"3IMP7";"472-3IMP7";57;6370
"3IMP8";"475-3IMP8";57;7280
"4R01";"510-4R01";54;90
"4R04";"518-4R04";53;125
"4T10";"552-4T10";54;204
"4T18";"568-4T18";54;60
"5H00";"577-5H00";64;75
"5H01";"580-5H01";64;55
"5H02";"581-5H02";64;50
"5H03";"584-5H03";64;50
"5H04";"585-5H04";64;30
"5H06";"589-5H06";64;35
"5H09";"596-5H09";60;190
"5H11";"600-5H11";51;55
"5H13";"602-5H13";64;40
"5H18";"613-5H18";60;30
"5H19";"614-5H19";60;30
"5H20";"617-5H20";60;65
"5H21";"619-5H21";-1;395
"5M01";"622-5M01";67;170
"5P00";"624-5P00";51;50
"5P01";"627-5P01";51;50
"5P02";"628-5P02";51;50
"5P03";"631-5P03";-1;103
"5P04";"632-5P04";51;278
"5P05";"634-5P05";51;305
"5P07";"639-5P07";-1;170
"5P08";"641-5P08";51;303
"5P09";"642-5P09";51;115
"5P11";"647-5P11";51;145
"5P12";"648-5P12";51;618
"6A00";"651-6A00";53;590
"6A01";"652-6A01";53;463
"6A02";"654-6A02";53;425
"6A04";"658-6A04";53;480
"6A06";"662-6A06";53;45
"6A07";"664-6A07";53;62
"6A08";"667-6A08";53;450
"6A09";"669-6A09";53;450
"6B02";"678-6B02";53;243
"6B04";"683-6B04";-1;382
"6C00";"686-6C00";53;500
"6C02";"690-6C02";53;720
"6C03";"692-6C03";60;760
"6C03";"693-6C03";54;175
"6C04";"695-6C04";60;620
"6E01";"700-6E01";-1;420
"6L02";"740-6L02";62;750
"6R00";"748-6R00";53;230
"6W00";"764-6W00";53;600
"6Z01";"767-6Z01";53;620
"6Z02";"769-6Z02";62;790
"7A01";"772-7A01";54;660
"7A02";"774-7A02";54;630
"7A03";"776-7A03";54;190
"7A04";"778-7A04";54;97
"7B00";"780-7B00";54;1220
"7B01";"782-7B01";54;1220
"7B02";"784-7B02";54;900
"7B05";"790-7B05";54;560
"7E00";"812-7E00";-1;140
"7E01";"813-7E01";67;350
"7E02";"816-7E02";67;400
"7E03";"817-7E03";67;410
"8A00";"819-8A00";62;570
"8A01";"821-8A01";62;580
"8A04";"827-8A04";62;450
"8A05";"829-8A05";62;450
"8A06";"831-8A06";62;450
"8A07";"833-8A07";62;450
"8A08";"835-8A08";62;170
"8A10";"837-8A10";62;450
"8A12";"841-8A12";62;90
"8B00";"843-8B00";-1;400
"8B01";"845-8B01";62;78
"8B02";"847-8B02";62;78
"8C01";"849-8C01";62;50
"8C02";"851-8C02";62;50
"8C03";"853-8C03";62;30
"8C04";"855-8C04";62;50
"8P00";"863-8P00";62;190
"8PCR";"877-8PCR";62;350
"8R00";"881-8R00";62;400
"8R01";"883-8R01";62;400
"8R04";"889-8R04";62;75
"8V00";"895-8V00";62;77
"8V01";"897-8V01";62;77
"8V02";"899-8V02";62;77
"9A00";"908-9A00";46;120
"9A13";"934-9A13";46;660
"9C00";"935-9C00";46;200
"9C03";"941-9C03";46;515
"9C05";"945-9C05";46;305
"9C09";"953-9C09";46;360
"9C10";"955-9C10";46;520
"9F01";"959-9F01";46;330
"9F02";"962-9F02";46;550
"9F03";"963-9F03";46;250
"9M00";"967-9M00";46;280
"9M02";"971-9M02";46;100
"9M03";"973-9M03";46;190
"9M05";"977-9M05";46;190
"9M07";"981-9M07";46;200
"9M09";"985-9M09";46;90
"9N01";"992-9N01";46;90
"9N12";"1011-9N12";62;140
"9N13";"1013-9N13";78;120
"9S06";"1107-9S06";62;710
"9S07";"1110-9S07";62;948
"8V06";"2046-8V06";62;70
"2A02";"2047-2A02";48;395
"1C09";"2059-1C09";53;55
"2A04";"2060-2A04";48;420
"2R18";"2061-2R18";50;472
"2R19";"2062-2R19";50;413
"1C09";"2065-1C09";53;50
"6C04";"2069-6C04";60;860
"2C09";"2070-2C09";59;85
"2C02";"2074-2C02";59;75
"1C01";"2075-1C01";74;50
"8A02";"2076-8A02";62;358
"8A09";"2077-8A09";62;199
"2E12";"2079-2E12";47;295
"2E06";"2080-2E06";59;85
"8A02";"2082-8A02";62;350
"2P00";"2083-2P00";49;25
"2C00";"2085-2C00";59;35
"2C03";"2086-2C03";59;40
"2C05";"2088-2C05";59;75
"2C06";"2089-2C06";59;82
"2C07";"2090-2C07";59;97
"2C10";"2092-2C10";59;80
"2C13";"2095-2C13";60;180
"2E03";"2099-2E03";47;80
"2E05";"2100-2E05";47;158
"3G00";"2101-3G00";57;910
"3G01";"2102-3G01";57;290
"3G07";"2105-3G07";46;100
"3G08";"2106-3G08";46;80
"1B01";"2108-1B01";55;45
"2R14";"2109-2R14";50;190
"2X06";"2110-2X06";60;205
"2X07";"2112-2X07";60;250
"2X08";"2113-2X08";60;300
"2X11";"2115-2X11";60;300
"2X21";"2120-2X21";71;250
"1C03";"2123-1C03";74;60
"1C01";"2124-1C01";74;50
"1C08";"2129-1C08";74;55
"1C08";"2130-1C08";74;55
"1C09";"2131-1C09";74;55
"1C09";"2132-1C09";53;60
"1G02";"2134-1G02";74;40
"6A06";"2135-6A06";53;45
"4R03";"2140-4R03";53;45
"4R06";"2143-4R06";53;45
"1C01";"2153-1C01";53;52
"1C02";"2154-1C02";53;70
"1G03";"2158-1G03";62;45
"2C00";"2160-2C00";59;35
"2F01";"2162-2F01";51;97
"2F03";"2164-2F03";51;52
"2F04";"2165-2F04";51;65
"2P04";"2168-2P04";49;67
"2P12";"2176-2P12";49;50
"2P16";"2177-2P16";49;50
"2P17";"2178-2P17";49;140
"2P18";"2179-2P18";49;165
"2P19";"2180-2P19";49;198
"2P20";"2181-2P20";49;48
"8V00";"2182-8V00";62;77
"8V01";"2183-8V01";62;90
"8R01";"2186-8R01";62;420
"9A04";"2193-9A04";46;80
"9A05";"2194-9A05";46;90
"9A06";"2195-9A06";46;70
"9A07";"2196-9A07";46;88
"9A08";"2197-9A08";46;185
"9A09";"2198-9A09";46;85
"9A10";"2199-9A10";46;190
"2P21";"2200-2P21";49;60
"2A08";"2201-2A08";48;275
"8L01";"2202-8L01";62;350
"8L02";"2203-8L02";62;358
"8L03";"2204-8L03";62;350
"8L01";"2205-8L01";62;350
"8L04";"2206-8L04";62;350
"8L05";"2207-8L05";62;360
"8L06";"2208-8L06";62;60
"4R06";"2209-4R06";53;55
"2X30";"2210-2X30";60;500
"2X31";"2211-2X31";60;530
"2X32";"2212-2X32";60;530
"9C08";"2213-9C08";46;242
"9C07";"2214-9C07";46;230
"5P01";"2215-5P01";51;165
"7A00";"2216-7A00";54;1035
"2C14";"2217-2C14";59;95
"2A17";"2226-2A17";48;65
"8L07";"2227-8L07";62;45
"3G00";"2230-3G00";57;922
"2A10";"2232-2A10";48;900
"2A11";"2233-2A11";48;96
"3G20";"2234-3G20";46;250
"3G21";"2235-3G21";46;280
"6Z03";"2239-6Z03";53;770
"1A11";"2241-1A11";58;60
"3G22";"2242-3G22";65;64
"2R22";"2243-2R22";50;560
"3G23";"2244-3G23";46;100
"3P01";"2247-3P01";57;85
"2C15";"2248-2C15";59;87
"3G24";"2249-3G24";46;500
"7A05";"2250-7A05";54;800
"7A06";"2251-7A06";54;1700
"2A18";"2252-2A18";48;1490
"2A19";"2253-2A19";48;1575
"2A20";"2254-2A20";48;1610
"2R25";"2258-2R25";50;260
"2R26";"2259-2R26";50;168
"2E15";"2260-2E15";47;210
"8A06";"2286-8A06";62;110
"2R27";"2288-2R27";50;168
"1M03";"2292-1M03";53;58
"7A07";"2293-7A07";46;175
"7A08";"2294-7A08";46;200
"9C01";"2295-9C01";46;50
"6Z00";"2297-6Z00";53;655
"6Z01";"2298-6Z01";53;630
"2X18";"2299-2X18";60;495
"3G00";"2300-3G00";57;922
"2A02";"2302-2A02";48;395
"8A00";"2303-8A00";62;750
"6Z01";"2304-6Z01";53;620
"6D01";"2308-6D01";60;728
"2A21";"2309-2A21";48;450
"1-062";"65-1-062";66;120
"1-063";"67-1-063";66;120
"1B11";"142-1B11";66;65
"1C01";"144-1C01";66;40
"1C02";"146-1C02";66;60
"1C03";"148-1C03";66;80
"1C04";"150-1C04";66;80
"1C05";"152-1C05";66;40
"1M00";"160-1M00";66;125
"2A11";"198-2A11";66;975
"2F03";"268-2F03";66;65
"2F04";"270-2F04";66;135
"2F05";"272-2F05";66;30
"2P02";"278-2P02";66;45
"2P03";"280-2P03";66;75
"2P04";"282-2P04";66;70
"2P05";"284-2P05";66;180
"2P06";"286-2P06";66;70
"2P07";"288-2P07";66;90
"2P08";"290-2P08";66;32
"2P09";"292-2P09";66;59
"2P10";"294-2P10";66;64
"2P11";"296-2P11";66;150
"2P12";"298-2P12";66;65
"2P13";"300-2P13";66;97
"2P14";"302-2P14";66;100
"2P15";"304-2P15";66;165
"2P16";"306-2P16";66;35
"2P19";"312-2P19";66;230
"2P20";"314-2P20";66;45
"2R03";"324-2R03";66;185
"2R04";"326-2R04";66;94
"2R07";"332-2R07";66;300
"2R08";"334-2R08";66;35
"2R10";"338-2R10";66;20
"2R13";"344-2R13";66;30
"2R16";"350-2R16";66;350
"2X03";"356-2X03";66;125
"2X04";"358-2X04";66;175
"2X05";"360-2X05";66;90
"2X06";"362-2X06";66;300
"2X10";"370-2X10";66;160
"2X11";"372-2X11";66;295
"2X12";"374-2X12";66;310
"2X13";"376-2X13";66;290
"2X14";"378-2X14";66;90
"2X15";"380-2X15";66;400
"2X16";"382-2X16";66;680
"2X18";"386-2X18";66;310
"2X19";"388-2X19";66;1500
"2X21";"392-2X21";66;1350
"3G11";"441-3G11";66;770
"3G12";"443-3G12";66;180
"3G16";"452-3G16";66;2240
"3IMP1";"460-3IMP1";66;950
"3IMP3";"464-3IMP3";66;2730
"4R00";"508-4R00";66;65
"4R02";"512-4R02";66;120
"4R03";"514-4R03";66;45
"4R04";"516-4R04";66;180
"4R05";"519-4R05";66;105
"4R06";"522-4R06";66;45
"4R07";"523-4R07";66;35
"4R09";"527-4R09";66;75
"4T00";"531-4T00";66;145
"4T01";"533-4T01";66;145
"4T20";"569-4T20";66;32
"4T21";"572-4T21";66;405
"4T22";"573-4T22";66;290
"5H07";"591-5H07";66;240
"5H08";"593-5H08";66;350
"5H10";"597-5H10";66;100
"5M00";"620-5M00";66;180
"5P06";"636-5P06";66;145
"5P10";"644-5P10";66;65
"6A03";"657-6A03";66;500
"6A05";"661-6A05";66;335
"6AFC";"670-6AFC";66;425
"6AFZ";"672-6AFZ";66;525
"6B00";"674-6B00";66;300
"6B01";"676-6B01";66;320
"6B03";"680-6B03";66;260
"6B05";"684-6B05";66;450
"6C01";"688-6C01";66;420
"6E00";"697-6E00";66;500
"6E02";"702-6E02";66;500
"6E03";"703-6E03";66;450
"6E04";"705-6E04";66;410
"6F00";"707-6F00";66;450
"6FCR";"709-6FCR";66;425
"6FZR";"711-6FZR";66;525
"6G00";"713-6G00";66;550
"6G01";"715-6G01";66;420
"6G02";"717-6G02";66;410
"6G03";"719-6G03";66;780
"6G04";"721-6G04";66;705
"6G05";"723-6G05";66;620
"6G06";"725-6G06";66;620
"6G07";"727-6G07";66;1030
"6G10";"734-6G10";66;1500
"6L00";"735-6L00";66;680
"6L01";"737-6L01";66;680
"6L03";"742-6L03";66;700
"6L04";"743-6L04";66;600
"6P00";"745-6P00";66;660
"6R01";"750-6R01";66;230
"6R02";"751-6R02";66;70
"6R03";"753-6R03";66;70
"6R04";"755-6R04";66;78
"6R05";"757-6R05";66;35
"6T00";"759-6T00";66;480
"6T01";"761-6T01";66;517
"6Z00";"765-6Z00";66;620
"7A00";"771-7A00";66;1025
"7B03";"786-7B03";66;900
"7B06";"792-7B06";66;115
"7B07";"794-7B07";66;170
"7D00";"804-7D00";66;710
"7D01";"805-7D01";66;710
"7D02";"807-7D02";66;250
"8A02";"823-8A02";66;365
"8A03";"826-8A03";66;480
"8FCAT";"859-8FCAT";66;500
"8FZAT";"861-8FZAT";66;570
"8P03";"869-8P03";66;35
"8PZR";"879-8PZR";66;380
"8R02";"885-8R02";66;95
"8R03";"887-8R03";66;115
"8R05";"891-8R05";66;75
"8V03";"902-8V03";66;77
"8V04";"904-8V04";66;77
"8V05";"905-8V05";66;77
"9A01";"909-9A01";66;115
"9A03";"913-9A03";66;115
"9A04";"915-9A04";66;80
"9A05";"917-9A05";66;90
"9A06";"919-9A06";66;70
"9A07";"921-9A07";66;75
"9A08";"923-9A08";66;185
"9A09";"925-9A09";66;120
"9A10";"927-9A10";66;190
"9C01";"937-9C01";66;245
"9C02";"939-9C02";66;415
"9C04";"943-9C04";66;635
"9C06";"947-9C06";66;515
"9C07";"949-9C07";66;760
"9C08";"951-9C08";66;810
"9F00";"957-9F00";66;160
"9F02";"961-9F02";66;530
"9F04";"965-9F04";66;160
"9M01";"969-9M01";66;250
"9M04";"975-9M04";66;100
"9M06";"979-9M06";66;300
"9M08";"983-9M08";66;250
"9N14";"1015-9N14";66;140
"9V00";"1119-9V00";66;47
"9V01";"1121-9V01";66;70
"9V03";"1125-9V03";66;340
"9V04";"1127-9V04";66;340
"WT08";"1957-WT08";66;29
"WT12";"1965-WT12";66;43
"WT20";"1968-WT20";66;45
"WT21";"1969-WT21";66;32
"WT24";"1975-WT24";66;400
"WT25";"1978-WT25";66;170
"WT26";"1980-WT26";66;52
"WT27";"1981-WT27";66;135
"WT28";"1984-WT28";66;75
"WT30";"1985-WT30";66;80
"WT32";"1989-WT32";66;145
"WT35";"1995-WT35";66;25
"WT37";"2000-WT37";66;113
"WT38";"2001-WT38";66;58
"WT40";"2004-WT40";66;24
"WT44";"2012-WT44";66;18
"WT45";"2013-WT45";66;130
"WT46";"2015-WT46";66;175
"WT49";"2021-WT49";66;31
"WT92";"2029-WT92";66;175
"WT93";"2032-WT93";66;660
"WT94";"2033-WT94";66;875
"WT97";"2039-WT97";66;255
"WT98";"2042-WT98";66;29
"6A07";"2138-6A07";66;62
